Day,Date,Close/Last,Volume,Open,High,Low
0,02/25/2020,277.99,974297,287.53,288.75,277.15
1,02/26/2020,272.76,771639,279.87,280.7,272.3519
2,02/27/2020,265.38,1047695,266.7,271.84,261.88
3,02/28/2020,257.09,1407929,257.52,262.47,252.09
4,03/02/2020,260.99,1148764,256.345,261,249.01
5,03/03/2020,256.7,1062810,259.33,267,255.68
6,03/04/2020,268.84,913204,260.32,269.3,258.76
7,03/05/2020,257.14,1096711,260.96,263.67,252.97
8,03/06/2020,256.58,1230370,252.41,258.09,248.15
9,03/09/2020,235.7,1823477,237.44,244.14,230
10,03/10/2020,239.06,1074526,245.71,248.52,224.31
11,03/11/2020,221.21,1417067,232.57,234.61,218.4
12,03/12/2020,198.54,2371318,198.92,214.14,190.83
13,03/13/2020,207.06,2502839,227.19,229.252,193.65
14,03/16/2020,161.54,1936491,183.02,187.99,160
15,03/17/2020,154.6,2258420,164.16,164.83,141.27
16,03/18/2020,128.52,2367177,144.72,149.06,124.05
17,03/19/2020,146.99,2638414,128.81,153.65,124.33
18,03/20/2020,148.06,3077373,156.35,164.9499,143.9
19,03/23/2020,143.24,1596459,149.45,155,140.335
20,03/24/2020,177.59,2001451,157.98,179.15,154.05
21,03/25/2020,191.88,2198899,180,201.3,180
22,03/26/2020,188.83,1945458,194.87,201.75,184.56
23,03/27/2020,174.45,1600579,178.01,182.31,171.47
24,03/30/2020,179.71,1223646,179.51,182.68,166.6
25,03/31/2020,175.7,1074645,175.29,181,174.01
26,04/01/2020,161.5,1177913,167.94,172.73,159.86
27,04/02/2020,161.35,1233745,158.76,164.801,153.29
28,04/03/2020,156.74,1269396,160.34,163.4277,154.96
29,04/06/2020,188.68,1933298,168.11,189.79,168.11
30,04/07/2020,187.55,1870548,204.91,210,185.15
31,04/08/2020,200.57,1933191,189.25,202.75,187.49
32,04/09/2020,202.48,1470202,210,215.55,199.01
33,04/13/2020,202.6,999947,202.75,203.53,195.489
34,04/14/2020,205,1003452,206.27,210.9399,203.3
35,04/15/2020,201.52,972172,195.58,202,194.33
36,04/16/2020,208.92,1025963,204.76,209.741,201.493
37,04/17/2020,215.51,1095403,220.8,222.94,208.26
38,04/20/2020,208.07,896230,209.19,213.03,207
39,04/21/2020,201.57,842557,201,206.0161,200.1
40,04/22/2020,208.71,732192,205.52,210.75,203.5
41,04/23/2020,210.68,775434,210.56,217.77,210.23
42,04/24/2020,210.52,1292767,211.08,212.96,203.06
43,04/27/2020,208.09,818650,212.9,214.27,207.33
44,04/28/2020,218.68,1197230,212.3,221.61,210.66
45,04/29/2020,226.16,1108223,224,230.6667,223.01
46,04/30/2020,217.92,960565,220.74,226.35,216.42
47,05/01/2020,214.28,581814,212.9,217.82,209.12
48,05/04/2020,215.48,976923,211.68,216.0153,206.6
49,05/05/2020,218.21,770292,219.22,220.797,216
50,05/06/2020,218.27,488710,220.65,221.88,217.48
51,05/07/2020,222.16,662303,222.28,226.76,221.365
52,05/08/2020,230.07,635423,225.64,230.37,223.44
53,05/11/2020,230.36,737875,227.47,234.6,226.6901
54,05/12/2020,211.9,1589714,228.65,228.65,211.58
55,05/13/2020,197.61,1953828,211.92,211.9999,195.06
56,05/14/2020,200.97,1564088,194,201.81,188.1
57,05/15/2020,200.45,1121751,199.77,205.45,197.51
58,05/18/2020,212.57,1199729,210.6,218.46,210.6
59,05/19/2020,210.22,971117,213.01,213.01,204.33
60,05/20/2020,213.48,975389,213,215.26,210
61,05/21/2020,222.76,1869415,213.36,224.48,210.74
62,05/22/2020,220.62,1051954,223.29,223.64,216.29
63,05/26/2020,237.98,1784116,230.36,239.09,228.41
64,05/27/2020,251.63,1640495,244.43,252.38,239.26
65,05/28/2020,243.31,1664331,251.66,252.89,241
66,05/29/2020,244.01,2628202,240.61,246.41,231.51
67,06/01/2020,239.09,1478197,246.49,250.57,236.01
68,06/02/2020,241.22,1334118,242.16,242.95,237.05
69,06/03/2020,252.3,1112280,244.47,254.365,242
70,06/04/2020,247.98,1456714,250.5,255.8324,244.28
71,06/05/2020,252.08,1188951,256.86,258.18,249.74
72,06/08/2020,254.57,1018272,255.91,256.79,250.44
73,06/09/2020,244.68,724488,248.44,249,244.1844
74,06/10/2020,238.41,1043474,245.67,246.84,236.47
75,06/11/2020,225.88,1408688,225.28,230.78,223.0597
76,06/12/2020,226.63,1001016,232.4,236.31,222.58
77,06/15/2020,225.49,1052226,218.71,225.8,214.5
78,06/16/2020,225.9,1208665,235,236.16,225
79,06/17/2020,223.65,1235412,226.87,229.84,222.4196
80,06/18/2020,218.97,1071310,221.57,224.09,217.51
81,06/19/2020,212.19,2438460,227.62,229.3,208.51
82,06/22/2020,205.49,1770548,214,214.11,205.08
83,06/23/2020,206.7,1624946,208.24,209.7728,205.69
84,06/24/2020,200,2011037,205,206.43,194.12
85,06/25/2020,194.2,2081171,198.33,198.8,191.66
86,06/26/2020,189.99,2182363,193.63,193.96,188.9
87,06/29/2020,198.63,1967109,191,200.33,186.01
88,06/30/2020,203.42,1460989,198.5,204.15,196.1
89,07/01/2020,203.57,1223282,202.62,209.8476,200.83
90,07/02/2020,203.59,789556,207.84,208.43,202.1
91,07/06/2020,209,985693,207.15,209.43,204.33
92,07/07/2020,202.93,975048,205.61,206.83,201.1888
93,07/08/2020,202.02,999841,202.3,204.43,199.3
94,07/09/2020,192.3,1257588,201.95,202.135,191.09
95,07/10/2020,195.99,1641540,193.13,196.53,191.84
96,07/13/2020,192.71,1236831,197.88,199.355,192.4601
97,07/14/2020,191.94,1410696,191.8,193.335,186.975
98,07/15/2020,203.81,1331331,199.05,205.24,197.75
99,07/16/2020,203.18,830471,200.38,203.83,200.37
100,07/17/2020,203,734126,203.07,206.5,201.9
101,07/20/2020,200.06,742634,202.13,202.395,196
102,07/21/2020,201.96,1273903,198,207.85,196.25
103,07/22/2020,205.44,749732,201.43,206.07,200.59
104,07/23/2020,205.64,945010,204.62,209.17,203.12
105,07/24/2020,203.71,645898,204.49,206.32,202.452
106,07/27/2020,198.84,1253686,202.25,202.54,195.77
107,07/28/2020,197.56,595130,198.75,202.16,197.18
108,07/29/2020,203.02,720255,198.91,205.495,198.53
109,07/30/2020,198.61,938558,200.26,200.7693,196.21
110,07/31/2020,192.99,1307308,198.525,199.27,190.84
111,08/03/2020,191.29,1238959,193.14,193.685,188.1793
112,08/04/2020,198.49,1099395,191.58,199.11,191.29
113,08/05/2020,201.96,913527,199.88,203.3,198.11
114,08/06/2020,204.01,816788,200.85,206.595,200.85
115,08/07/2020,203.88,564633,204,204.37,201.41
116,08/10/2020,219.12,1666029,205.36,220.45,205.02
117,08/11/2020,216.19,1149049,221.93,226.3574,214.67
118,08/12/2020,217.78,584418,217.84,218.72,212.33
119,08/13/2020,222.42,739515,215.53,223.11,215.53
120,08/14/2020,225.42,734563,222.52,226.59,219.1301
121,08/17/2020,224.08,701226,226.43,229,220.44
122,08/18/2020,216.24,927125,222.87,223.582,215.79
123,08/19/2020,213.36,846095,215.24,218.37,212.165
124,08/20/2020,205.4,1344899,208.5,210.01,203.9
125,08/21/2020,214,1456727,204.39,215.2,203.99
126,08/24/2020,222.5,1195387,214.94,222.5,210.48
127,08/25/2020,219.78,870251,223.27,224,217.5
128,08/26/2020,220.76,1023341,219.02,223.49,216.06
129,08/27/2020,223.95,2733018,222.49,226.14,219.61
130,08/28/2020,237.02,6579309,253.95,256.6,234.55
131,08/31/2020,232.18,1307557,235.2,237.7,230.8
132,09/01/2020,232.88,1111823,230.53,233.1,227.8201
133,09/02/2020,237.66,904207,233.61,238.14,230
134,09/03/2020,238.04,973386,237.98,242.58,234.73
135,09/04/2020,240.51,1142536,239.33,244,236.23
136,09/08/2020,233.25,976477,234.17,239.7216,233.025
137,09/09/2020,235.4,990310,233.72,237.13,232.2
138,09/10/2020,232.1,897854,239.271,242.9,231.591
139,09/11/2020,228.9,867643,233.43,233.97,223.395
140,09/14/2020,234.14,796893,230.995,234.63,230.19
141,09/15/2020,237.32,745614,236.11,241.23,235.86
142,09/16/2020,239.94,1012664,238.72,244,233.2499
143,09/17/2020,234.73,803371,235.92,238.895,232.51
144,09/18/2020,231.74,982533,236.74,238.63,230.07
145,09/21/2020,225.88,900649,226.79,227.08,220.53
146,09/22/2020,223.96,702322,227.2,230.5,222.1
147,09/23/2020,217.04,810663,224.15,228.14,216.18
148,09/24/2020,215.59,758338,215.85,221.87,212.06
149,09/25/2020,216.83,692705,215,218.28,212.33
150,09/28/2020,225.74,765749,221.69,227.93,219.07
151,09/29/2020,222.88,675530,224.96,225.925,218.48
152,09/30/2020,223.98,751295,223.43,229.13,222.16
153,10/01/2020,228.63,704186,226.96,229.51,224.54
154,10/02/2020,228.68,940798,223.94,230.98,222.975
155,10/05/2020,233.78,772788,230.48,234.71,227.71
156,10/06/2020,225.58,893479,234.95,235.92,225.02
157,10/07/2020,229.49,907257,229.171,232.32,226.49
158,10/08/2020,237.42,668275,232.56,238.2704,231.67
159,10/09/2020,233.55,695983,239.34,240.64,232.78
160,10/12/2020,237.9,921734,235.45,242.78,234.06
161,10/13/2020,238.4,585123,237.65,241.45,235.42
162,10/14/2020,239.67,518755,239.99,244.13,238.42
163,10/15/2020,238.94,490276,235.7,239.99,234.1701
164,10/16/2020,242,630499,240.59,243.365,237.16
165,10/19/2020,235.45,757248,243,245.6878,234.56
166,10/20/2020,232.73,679858,237.09,237.92,231.695
167,10/21/2020,232.85,633502,233.14,235.16,228.51
168,10/22/2020,236,653545,233.87,236.04,227.74
169,10/23/2020,235.11,627958,236.59,236.59,231.34
170,10/26/2020,220.97,1399107,231.32,231.8,214.9
171,10/27/2020,213.38,822834,220.1,221.635,213.19
172,10/28/2020,201.43,1456391,209.95,209.95,200.5
173,10/29/2020,205.62,834071,201.32,208.24,201
174,10/30/2020,206.77,905207,203.85,207.8898,201.11
175,11/02/2020,210.78,961321,209,211.44,206.8001
176,11/03/2020,217.53,898160,213.82,218.85,212.47
177,11/04/2020,217.32,711668,217.52,222.5099,216.5
178,11/05/2020,214.26,876185,221.23,222.5,213.7
179,11/06/2020,215.02,661682,214.99,216.07,210.01
180,11/09/2020,247.2,3557862,239.49,276.05,239.3
181,11/10/2020,265.49,3573820,262.61,273.69,257.87
182,11/11/2020,255.42,1394579,264.52,264.52,251.7
183,11/12/2020,248.08,1057065,255.6,258,245.62
184,11/13/2020,262.35,1430460,250.92,263.78,249.18
185,11/16/2020,275.29,1226250,270,276.91,262.61
186,11/17/2020,276.2,1057891,272.529,278.825,266.7
187,11/18/2020,274.21,1138038,276.15,287.2399,274.08
188,11/19/2020,274.86,746717,272.08,277.77,268.7411
189,11/20/2020,273.65,680445,271.09,278.03,271.09
190,11/23/2020,282.87,1008396,275.69,284.34,273.78
191,11/24/2020,284.71,1000999,280.5,287.03,279.55
192,11/25/2020,279.54,814229,279.68,280.87,272.73
193,11/27/2020,281.29,579192,281.26,284.27,277.6422
194,11/30/2020,275.4,1577824,282.65,283.97,274.56
195,12/01/2020,279.53,992024,273.84,281.1,270.74
196,12/02/2020,282,1005838,276.02,283,273
197,12/03/2020,289.53,2042317,283.95,293.52,282.44
198,12/04/2020,279.54,2707412,280.25,289.9,276.5601
199,12/07/2020,273.26,1272029,278.1,278.17,269.64
200,12/08/2020,272,961206,270.57,273.91,267.67
201,12/09/2020,275.66,921369,271.75,277.04,270.24
202,12/10/2020,272.13,563099,274,274.81,271.085
203,12/11/2020,265.39,1053908,269.96,269.96,263.17
204,12/14/2020,265.79,795655,269.085,272,265.08
205,12/15/2020,267.55,563767,268.7,268.93,261.43
206,12/16/2020,269.92,776245,268.44,271.37,265.75
207,12/17/2020,272.78,755668,271,273.65,268.19
208,12/18/2020,268.43,2629472,272.01,273.69,266.565
209,12/21/2020,268.14,756402,260.78,269.37,258
210,12/22/2020,265.09,587244,268.11,269.655,262.86
211,12/23/2020,268.46,578568,267.75,272.5329,267.405
212,12/24/2020,264.64,271069,267.33,268.39,263.93
213,12/28/2020,278.17,1039469,266.61,279.43,265.05
214,12/29/2020,277.34,593321,279.9,282.42,275.21
215,12/30/2020,282.98,778875,276.19,284.84,276.19
216,12/31/2020,287.16,631962,282.55,288,279.8295
217,01/04/2021,282.47,1010004,287.16,289.65,280.09
218,01/05/2021,280.36,754394,282,284.5705,277.85
219,01/06/2021,291.19,770737,282.64,292.6,281
220,01/07/2021,292.42,686195,292.58,295.63,289
221,01/08/2021,294.26,692527,292.74,297.59,290.725
222,01/11/2021,290.18,606245,290.36,294.74,288.185
223,01/12/2021,294.22,550126,291.38,294.82,288.96
224,01/13/2021,294.01,499744,294.4,295.05,292.2
225,01/14/2021,301.79,792121,296.62,305.2,294.7938
226,01/15/2021,301.85,1110140,300.16,305.95,298.51
227,01/19/2021,293.17,874148,305.01,310.4875,291.194
228,01/20/2021,295.4,634594,294.65,296.855,290.7
229,01/21/2021,300.24,662834,293.92,305.6999,293.5
230,01/22/2021,299.92,595295,299.08,308.06,298.09
231,01/25/2021,295.74,723445,299.54,303.5405,293.74
232,01/26/2021,295.72,548842,297.66,297.9,290.8747
233,01/27/2021,287.44,702549,286.41,291.3621,281.28
234,01/28/2021,290.82,532322,290.38,295,288.8047
235,01/29/2021,279.76,708438,290.1,291.01,279.5
236,02/01/2021,282.21,698970,282.03,283.17,276
237,02/02/2021,287.15,609548,284.21,291,284.21
238,02/03/2021,288.98,444973,287.83,294.72,287.76
239,02/04/2021,295.59,289837,289.73,295.85,289.73
240,02/05/2021,302.03,672629,297.9,303.37,297
241,02/08/2021,315.95,732051,302.69,316.21,301.56
242,02/09/2021,319.08,513500,314.59,320.68,314.59
243,02/10/2021,315.7,566551,318.27,320.92,312.1163
244,02/11/2021,320.85,431097,315.65,322.11,314.7
245,02/12/2021,319.88,278734,320.11,321.23,317.5
246,02/16/2021,327.77,892900,319.82,330.89,317.5
247,02/17/2021,324.55,417760,328.88,329.7699,322.23
248,02/18/2021,318.97,530457,321.79,322.215,316.33
249,02/19/2021,321.79,406224,320.117,325.1,319.56
250,02/22/2021,327.91,534388,314.025,335.13,314.025
251,02/23/2021,328.06,561656,327.09,331.29,318.13
252,02/24/2021,334.08,583034,326.05,336.29,324.94
253,02/25/2021,327.68,727938,337.22,338.26,327.46
254,02/26/2021,322.33,736097,329.32,332.27,320.74
255,03/01/2021,337.42,791691,326.77,340.15,326.77
256,03/02/2021,336.82,757655,338.865,341.5,335
257,03/03/2021,334.39,690903,337.4,343.1721,334.23
258,03/04/2021,324.4,904148,333.52,333.875,317.2
259,03/05/2021,333.37,1061393,330,335.06,319.2401
260,03/08/2021,345.77,1137822,341.85,349.2098,335.41
261,03/09/2021,339.05,715751,349.61,349.61,338.74
262,03/10/2021,343.14,729873,340.71,343.98,338.43
263,03/11/2021,347.5,1548210,343,351,341.29
264,03/12/2021,318.15,5235640,317.395,325.6,306.06
265,03/15/2021,322.49,1200622,318.38,322.88,313.36
266,03/16/2021,312.26,1569135,320.18,320.18,308.69
267,03/17/2021,319,1162761,313.45,320.41,312.36
268,03/18/2021,319.23,830017,319.5,326.8,313.8
269,03/19/2021,321.84,992117,319.41,324.61,317.605
270,03/22/2021,315.09,671475,320,321.03,313.2
271,03/23/2021,309.53,924345,313.5,314.23,308.26
272,03/24/2021,301,803802,310.96,313.97,300.85
273,03/25/2021,306.59,1167111,299.01,309.381,297.29
274,03/26/2021,303,1099306,309,309.38,300
275,03/29/2021,306.18,1118438,301.5,308.43,301.44
276,03/30/2021,308,846603,305.93,312.46,305.29
277,03/31/2021,309.17,731164,306.51,313.655,304.337
278,04/01/2021,313.62,704010,311.43,315.02,307.79
279,04/05/2021,319.77,906844,316.11,321,313.1319
280,04/06/2021,315.47,655283,320,323.815,315.23
281,04/07/2021,316.11,548101,314.61,319.655,314.61
282,04/08/2021,320.03,794421,318.29,322.7,318.25
283,04/09/2021,322.22,663018,321.28,322.72,318.8
284,04/12/2021,327.79,814349,322.97,328.5373,322.01
285,04/13/2021,332.07,818219,327.19,332.73,320.53
286,04/14/2021,329.05,846792,334.98,340.265,328.42
287,04/15/2021,326.32,571417,330.24,331.8099,325.89
288,04/16/2021,330.71,594212,329.06,332.15,326.67
289,04/19/2021,328.26,480496,330.24,330.565,325.96
290,04/20/2021,316.94,893492,324.99,327.83,313.175
291,04/21/2021,322.63,543858,316.89,323.7,316.29
292,04/22/2021,323.81,574644,324.75,328.33,320.8888
293,04/23/2021,328.44,463675,324.37,329.79,323.39
294,04/26/2021,328.29,553175,331.09,333.9,325.37
295,04/27/2021,329.15,434649,329.96,331.61,328.01
296,04/28/2021,326.86,307758,329.88,330.99,326.37
297,04/29/2021,328.9,425440,329.65,331.29,326.42
298,04/30/2021,329.35,391710,327.93,333.86,326.39
299,05/03/2021,324.28,719482,330.4,334.41,323.99
300,05/04/2021,320.81,703410,322.22,322.91,314.73
301,05/05/2021,318.94,461038,323.92,324.31,317.56
302,05/06/2021,316.96,563322,319.18,321.53,315.12
303,05/07/2021,322.74,781795,316.59,323.6099,316.255
304,05/10/2021,322.34,718950,322.54,330.79,321.93
305,05/11/2021,312.3,1227095,316.46,317.74,306.09
306,05/12/2021,302.26,798530,309.86,313.5,299.7727
307,05/13/2021,311.66,740436,304.4,313.9099,304.4
308,05/14/2021,324.28,821276,312.24,324.99,312.24
309,05/17/2021,329.81,767345,327.99,330.89,324.11
310,05/18/2021,326.88,587988,330.35,333.1613,326.63
311,05/19/2021,319.33,601984,322.58,324.36,315.74
312,05/20/2021,318.62,777666,319.24,321,314.21
313,05/21/2021,316.08,759870,322.8,324.9,315.5
314,05/24/2021,315.82,828175,318.44,319.75,312.35
315,05/25/2021,320.99,602710,318.8,323.44,317.13
316,05/26/2021,327.49,779945,322,328.5499,321.455
317,05/27/2021,328.36,1437307,329,329.58,320.32
318,05/28/2021,345.36,2904704,343.2,351.72,340.61
319,06/01/2021,343.18,1083094,346.7,348.355,337.0799
320,06/02/2021,336.79,751858,344.57,344.58,333.505
321,06/03/2021,332.95,862860,334.83,335.97,328.28
322,06/04/2021,326.62,925996,334.69,335.2567,323.11
323,06/07/2021,332.8,636627,328.7,332.82,327.26
324,06/08/2021,341.33,715056,332.56,342.33,332.56
325,06/09/2021,332.68,524635,341.99,343.6993,332.55
326,06/10/2021,332.01,506958,333,335.68,329.11
327,06/11/2021,338.46,497654,333.13,338.54,332.91
328,06/14/2021,336.79,405065,337.93,338.77,331.79
329,06/15/2021,332.65,392167,335.73,337.42,330.36
330,06/16/2021,331.83,647921,332.07,332.47,325.78
331,06/17/2021,328.34,848367,333.05,334.97,324.34
332,06/18/2021,327.19,932529,325.38,330.7651,325.22
333,06/21/2021,334.9,537108,326.92,334.98,326.27
334,06/22/2021,335.67,431066,335.55,338.21,333.11
335,06/23/2021,341.18,711112,334.59,342.8,332.58
336,06/24/2021,351.85,793829,343.39,351.94,343.377
337,06/25/2021,348.86,863984,353.575,356.31,346.28
338,06/28/2021,343.12,672334,350.25,351.46,340.84
339,06/29/2021,343.77,375821,343.18,347.415,342.12
340,06/30/2021,345.77,503273,344.54,346.94,342.19
341,07/01/2021,348.98,626419,346.99,352.645,346.96
342,07/02/2021,351.9,400112,354.65,354.65,347.63
343,07/06/2021,351.97,547997,351.9,352.67,347.12
344,07/07/2021,340.8,659130,352.72,353.9154,340.01
345,07/08/2021,335.33,561783,337.16,338.42,326.84
346,07/09/2021,343.65,414698,338.95,344.33,338.95
347,07/12/2021,342.84,581474,341.38,344.5,337.9
348,07/13/2021,339.31,416262,342.07,342.99,338.24
349,07/14/2021,342.28,517259,344.07,349.7,341.4
350,07/15/2021,340.97,416488,340.28,344.83,337.62
351,07/16/2021,332.12,586423,342.83,343.74,330.51
352,07/19/2021,323.67,778101,326,327.49,319.05
353,07/20/2021,334.5,453342,323.68,336.25,322.28
354,07/21/2021,341.65,596750,336.22,346.8,334.19
355,07/22/2021,340.32,311425,342.18,342.18,337.63
356,07/23/2021,341.58,415032,341.3,344.41,340.33
357,07/26/2021,344.27,459035,342.95,345.7153,339.71
358,07/27/2021,337.52,489664,344.06,344.06,329.48
359,07/28/2021,333.97,502452,338.18,341.82,331.55
360,07/29/2021,334.61,561304,336,339.3,332.55
361,07/30/2021,335.8,642727,333.6,342.68,332.36
362,08/02/2021,336.76,440062,337.5,342.7,335.93
363,08/03/2021,346.66,600672,338.79,347.33,335.735
364,08/04/2021,342.57,511813,345.13,349.74,340.905
365,08/05/2021,351.65,406456,345.17,351.66,343.37
366,08/06/2021,352.99,356406,352.51,355,349.91
367,08/09/2021,352.65,404646,352.02,356.64,347.38
368,08/10/2021,361.74,632396,351.86,364.255,351.03
369,08/11/2021,366.83,535354,361.51,367.15,358.71
370,08/12/2021,371.91,453867,368,372.22,366.7
371,08/13/2021,371.85,506001,372.04,374.47,368.895
372,08/16/2021,369.67,395910,372.65,373,366.41
373,08/17/2021,360.74,479622,366.59,368.2,356.4001
374,08/18/2021,361.72,415720,360.87,367.98,357.755
375,08/19/2021,360.86,616113,357.22,363.83,355.24
376,08/20/2021,366.77,441544,361.1,367.2099,357.61
377,08/23/2021,370,562736,370,376.36,369.37
378,08/24/2021,373.85,731471,371,378.1,370.89
379,08/25/2021,389.9,1917324,374.39,390.68,367.17
380,08/26/2021,388.68,2946144,411.08,414.98,386.03
381,08/27/2021,387.23,1078753,385.15,392.6,378.53
382,08/30/2021,383.17,917253,387.5,388.83,380.37
383,08/31/2021,387.31,771413,384.58,387.67,378.18
384,09/01/2021,387.46,666414,389.52,392,386.785
385,09/02/2021,381.21,740099,387,387,379.76
386,09/03/2021,382.11,421034,379.56,384.27,377.55
387,09/07/2021,379.33,503927,383.49,384.78,378.71
388,09/08/2021,376.3,757364,379.1,380.39,370.8
389,09/09/2021,382.08,598250,376.19,384.1198,373.08
390,09/10/2021,374.82,568181,385,385.3,374.335
391,09/13/2021,372.29,560696,377.99,377.99,367.95
392,09/14/2021,373.73,384283,374.57,374.58,368.71
393,09/15/2021,375.93,920151,373.09,378.94,367.64
394,09/16/2021,382.32,526489,375.5,383.66,375.13
395,09/17/2021,379.05,629933,380.46,385.6072,377.88
396,09/20/2021,369.74,859105,370.8,373.1,363.79
397,09/21/2021,369.84,510026,371.33,373.735,367.22
398,09/22/2021,375.85,387921,372.49,377.56,369.88
399,09/23/2021,380.76,488296,379.35,386.69,377.88
400,09/24/2021,382.13,294704,377.66,384.3,376.04
401,09/27/2021,381.13,381295,382,387.96,380.251
402,09/28/2021,378.14,449849,378.72,380.72,374.55
403,09/29/2021,378.35,426083,380.86,381.91,377.03
404,09/30/2021,360.92,839184,378.49,378.49,360.51
405,10/01/2021,368.03,574838,361.92,369.97,359.65
406,10/04/2021,369.92,545991,367,370.48,363.515
407,10/05/2021,373.77,563574,371.22,378.3899,367.164
408,10/06/2021,368.21,572083,371.25,374.09,366.77
409,10/07/2021,375.03,391754,372.08,379.615,370.55
410,10/08/2021,378.37,699644,378.461,383.06,375.01
411,10/11/2021,380.87,565607,379.2,386.26,378.69
412,10/12/2021,386.92,588655,380.58,388.555,380.48
413,10/13/2021,395.31,662709,387.96,397.5,385.86
414,10/14/2021,403.91,739870,400,407.68,399.1
415,10/15/2021,405.72,670609,407.98,410,403.511
416,10/18/2021,406.35,716292,404.51,410.93,402.32
417,10/19/2021,363.35,4169381,390.88,398,360.66
418,10/20/2021,358.15,2328317,366.25,367.28,355
419,10/21/2021,371.88,1332180,357.95,373.7,357.95
420,10/22/2021,371.45,835949,371.88,373.61,365.28
421,10/25/2021,371,530659,371.45,375.215,368.37
422,10/26/2021,366.06,566271,371.72,372.74,363.28
423,10/27/2021,369.79,544779,367.83,373.59,364.09
424,10/28/2021,370.39,363453,370.74,373.04,369.5301
425,10/29/2021,367.36,649416,371.145,373.45,366.07
426,11/01/2021,365.13,647694,369.13,370.1399,363.38
427,11/02/2021,371.86,738801,366.39,374.53,363.67
428,11/03/2021,381.78,523244,372.77,383.27,370.68
429,11/04/2021,381.07,545105,383.26,387.56,378.7
430,11/05/2021,391.85,675645,385.87,394.14,382
431,11/08/2021,388.11,433758,391.64,393,386.61
432,11/09/2021,395.11,618390,389.17,402.35,388.7177
433,11/10/2021,391.34,477890,392.66,397.47,387.9
434,11/11/2021,395.57,383153,392.94,398.27,392.01
435,11/12/2021,396.5,391332,396.43,400.81,394.11
436,11/15/2021,401.73,346528,400,407.95,398.15
437,11/16/2021,413.86,740040,401.67,417.8464,400.28
438,11/17/2021,402.21,513844,413.14,415.79,401.33
439,11/18/2021,405.65,497894,406.78,407.72,399.355
440,11/19/2021,407.71,517934,406.35,410.55,400.1
441,11/22/2021,411.77,429556,410.4,414.705,407.41
442,11/23/2021,408.93,539240,409.84,411.64,397.43
443,11/24/2021,409.56,368183,401.46,409.97,400.3653
444,11/26/2021,399.53,474961,394.05,403.22,393
445,11/29/2021,401.42,563229,407.36,407.74,397.03
446,11/30/2021,383.95,1624697,398.38,399.94,380.29
447,12/01/2021,370.02,944026,390.09,394.96,369.51
448,12/02/2021,383.64,1683840,370.39,384.53,364.03
449,12/03/2021,378.81,2128561,402.42,404,372.84
450,12/06/2021,390.02,1182951,383.71,398.094,381.1
451,12/07/2021,407.7,1181888,397.25,415.27,392.53
452,12/08/2021,412.09,1061074,407.57,414.26,405.6
453,12/09/2021,404.41,887832,411.26,417.25,404.19
454,12/10/2021,403.49,841404,402.78,404.79,396.01
455,12/13/2021,388.29,857413,400.73,405.31,387.82
456,12/14/2021,389.65,899096,382.54,391.03,380.77
457,12/15/2021,394.61,931952,389.65,395.9183,382.4
458,12/16/2021,385.17,999569,399.31,400,384.31
459,12/17/2021,380.94,1026859,383.23,390.04,376.32
460,12/20/2021,365.82,1056078,373.32,373.32,362.295
461,12/21/2021,378.27,597057,369.77,380.02,368.95
462,12/22/2021,387.91,472223,378.22,388.27,375.27
463,12/23/2021,392.37,537733,389.68,396.205,388.05
464,12/27/2021,403.84,648284,394.78,405,393.5
465,12/28/2021,398.81,402130,405.38,406.5192,397.54
466,12/29/2021,405.3,339043,398.71,406.43,397.083
467,12/30/2021,404.79,406555,404.69,413.63,404
468,12/31/2021,412.34,445404,404.75,414.65,403.5253
469,01/03/2022,413.23,507295,413.7,420.97,409.71
470,01/04/2022,418.74,598019,416.93,422.43,412.61
471,01/05/2022,401.49,930664,416.62,417.07,401.2
472,01/06/2022,400.49,497565,403.22,405.15,395.61
473,01/07/2022,397.1,524044,398.56,404.99,393.63
474,01/10/2022,381.04,945893,392.54,393.17,369.495
475,01/11/2022,384.44,703365,382.15,387,372
476,01/12/2022,384.16,364329,386.57,390.555,380.11
477,01/13/2022,378.15,691905,384.16,388.73,376.68
478,01/14/2022,374.48,903363,377.45,377.45,364.5
479,01/18/2022,372.97,573354,368.38,377,365.97
480,01/19/2022,371.68,741315,374.82,381.09,371.47
481,01/20/2022,359.11,717256,373.49,379.49,357.27
482,01/21/2022,349.42,1139877,357.02,360.23,348.63
483,01/24/2022,364.84,1110444,340.2535,365.76,336.2912
484,01/25/2022,352.74,824076,358.37,359.39,347.07
485,01/26/2022,353.81,664653,361.6,365.63,350.3
486,01/27/2022,351.58,674491,359.35,363.025,348.46
487,01/28/2022,358.83,537995,351.68,359.1,346.93
488,01/31/2022,363.74,641313,356.46,364.85,356.33
489,02/01/2022,372.32,500834,364.37,373.41,361.8435
490,02/02/2022,371.69,467859,374.69,375.47,366.4
491,02/03/2022,364.76,436625,366.24,373.01,363.79
492,02/04/2022,365.73,556216,363.73,369.615,359.01
493,02/07/2022,364.26,426350,366.25,372.23,361.95
494,02/08/2022,364.23,808397,367.33,369.31,357.81
495,02/09/2022,376.04,778131,367.64,376.82,367.08
496,02/10/2022,374.01,711744,371.08,383.22,370.86
497,02/11/2022,362.17,794540,373.89,375.92,359.72
498,02/14/2022,362.65,794538,363.68,367.555,357.265
499,02/15/2022,379.65,561103,363.875,379.77,363.875
500,02/16/2022,381.6,725871,377.622,383.29,376.35
501,02/17/2022,369.12,610408,379.69,380.6669,367.77
502,02/18/2022,375.83,742533,368.43,381.74,367
503,02/22/2022,368.13,714273,372,379.84,360.99
504,02/23/2022,355.07,697947,371.68,372.82,352.88
505,02/24/2022,373.09,922603,344.02,373.67,341.47
506,02/25/2022,378.07,466062,372.96,378.49,366.86
507,02/28/2022,374.5,802913,371.38,377.99,367.54
508,03/01/2022,369.01,562960,372.21,375.76,365.84
509,03/02/2022,381.5,606002,371.78,384,369.96
510,03/03/2022,373.69,569540,382.02,383,367.03
511,03/04/2022,366.76,661478,371.5,373.46,361.945
512,03/07/2022,350.84,1023689,367.73,369.71,350.4
513,03/08/2022,359.02,884814,354.28,369.465,350.1
514,03/09/2022,373.31,697168,369.43,376.33,368.1
515,03/10/2022,379.37,1748710,367.36,381.4,364
516,03/11/2022,368.51,1520478,385,388.9999,366.43
517,03/14/2022,357.52,941682,369.62,371.58,355.28
518,03/15/2022,371.38,710290,361.43,372.11,360.6
519,03/16/2022,385.51,954145,374.46,390.97,374.46
520,03/17/2022,387.31,704533,385.58,389.53,381.3509
521,03/18/2022,391.23,696150,385.33,392.58,383.19
522,03/21/2022,385.67,818365,390.46,392.83,379.07
523,03/22/2022,389.75,650946,391.09,398.59,385.85
524,03/23/2022,389.79,652023,388,390.9,383.4367
525,03/24/2022,395.84,565290,389.96,396.62,387.42
526,03/25/2022,395.07,449728,398.3,398.56,391.77
527,03/28/2022,395.48,416419,394.52,396.105,389.58
528,03/29/2022,406.5,665103,399.96,408.73,398.48
529,03/30/2022,401.75,400790,401.3,405.11,398.51
530,03/31/2022,398.22,611135,403.14,405.875,397.89
531,04/01/2022,388.22,814853,399,400.57,384.0001
532,04/04/2022,398.62,521302,387.18,398.62,385.49
533,04/05/2022,398.35,438882,398.1,404.46,392.21
534,04/06/2022,391.21,744460,394.25,394.436,380.565
535,04/07/2022,398.78,481901,389.77,400,388.56
536,04/08/2022,401.55,513759,397.21,406,395.55
537,04/11/2022,403.78,687931,401.63,411.15,399.37
538,04/12/2022,405.9,576781,407.52,415.25,404.58
539,04/13/2022,415.5,626658,405.91,418.8,405.712
540,04/14/2022,415.65,552421,416.52,421.24,413.515
541,04/18/2022,415.84,410161,414.19,419.21,411.985
542,04/19/2022,428.37,906843,415.2,431.06,414.2
543,04/20/2022,431.38,635156,430.97,437.22,429.16
544,04/21/2022,421.43,662756,435,438.6328,419.92
545,04/22/2022,406.51,594764,416.18,418.58,405.73
546,04/25/2022,418.14,732869,404.76,418.5,400.36
547,04/26/2022,407.33,480167,412.59,413.84,406.56
548,04/27/2022,402.78,666349,405.28,411.59,399.21
549,04/28/2022,417.42,552469,407.89,420.83,403.64
550,04/29/2022,396.8,954372,413.86,414.185,395.63
551,05/02/2022,405.55,746505,398.61,406.23,393.39
552,05/03/2022,401.23,716138,404.38,404.45,395.83
553,05/04/2022,408.64,691463,401.53,410,392.03
554,05/05/2022,396.63,663479,401.84,404,388.34
555,05/06/2022,389.43,639397,394.63,394.63,382.05
556,05/09/2022,381.09,750919,384.03,396.33,379.34
557,05/10/2022,380.87,825564,389.41,393,371.32
558,05/11/2022,375.95,917974,379.78,388.68,374.35
559,05/12/2022,377.85,713086,371.41,384.15,369.35
560,05/13/2022,395.89,760406,385.69,396.64,384.84
561,05/16/2022,393.16,652077,396.34,399.34,387.518
562,05/17/2022,393.01,670455,398.8,400.99,387.96
563,05/18/2022,350.45,1667515,380.93,383.015,344
564,05/19/2022,351.31,1092100,348.94,357.83,345.22
565,05/20/2022,343.05,1165365,354.83,354.83,333.05
566,05/23/2022,346.65,865926,345.93,349.02,338.535
567,05/24/2022,342.08,821537,342.48,343.38,330.7991
568,05/25/2022,352.95,954738,338.66,356.25,337.08
569,05/26/2022,377.96,1914919,365.61,382.4,364.4409
570,05/27/2022,425.08,2767360,417.5,425.39,409
571,05/31/2022,423.1,1838007,421.5,426.83,409.49
572,06/01/2022,407.32,1111724,423.68,426.74,403.34
573,06/02/2022,416.54,799071,408.22,417.28,404.86
574,06/03/2022,404.41,1275253,405.89,414.445,401.56
575,06/06/2022,413.73,686888,409.99,415.935,402.52
576,06/07/2022,421.02,865280,409.82,422.87,404.01
577,06/08/2022,425.39,741453,420.68,428.87,415.525
578,06/09/2022,422.35,913543,427.85,429.48,422.05
579,06/10/2022,407.72,746815,413.38,417.85,407.69
580,06/13/2022,391.77,1014089,398,400,385.95
581,06/14/2022,392.67,749650,395.29,399.05,389.88
582,06/15/2022,405.61,964093,399.71,410.145,397.15
583,06/16/2022,390.47,811524,397.08,397.08,387.28
584,06/17/2022,395.83,1412632,390.5,400.45,389.01
585,06/21/2022,401.26,708291,402.96,406,397.83
586,06/22/2022,396.22,622351,396.99,403,394.6471
587,06/23/2022,395.91,650518,399.49,401.64,391.03
588,06/24/2022,410.54,772298,400.56,411.25,400.175
589,06/27/2022,400.49,590405,410.48,411.58,399.33
590,06/28/2022,385.9,705544,400.74,405,385.8
591,06/29/2022,391.64,813094,392.69,393.4,384.18
592,06/30/2022,385.48,874079,383.05,392.935,378.36
593,07/01/2022,382.85,584075,381.92,385.37,377.25
594,07/05/2022,378.47,922562,375.88,378.49,368.64
595,07/06/2022,381.76,706831,377.43,386.81,374.58
596,07/07/2022,383.64,979551,383.08,387.98,380.76
597,07/08/2022,381.44,443402,383.88,385.34,376.79
598,07/11/2022,383.27,545112,381.29,387.45,378.02
599,07/12/2022,377.06,581020,385.35,389.35,375.19
600,07/13/2022,382.74,616164,373.7,385.77,370.54
601,07/14/2022,385.58,822501,378.09,386.61,375.09
602,07/15/2022,397.24,844062,389.59,399,387.56
603,07/18/2022,393.59,519921,401.88,406.48,392.565
604,07/19/2022,402.36,525318,399.81,405.35,396.46
605,07/20/2022,408.36,851200,402.36,412.495,402.1
606,07/21/2022,411.27,578598,406.11,411.64,401.535
607,07/22/2022,406.4,540923,412.91,416.98,403.7
608,07/25/2022,401.26,452692,408.91,408.91,397.77
609,07/26/2022,384.79,997618,391.22,392.835,380.81
610,07/27/2022,395.44,610370,386.92,397.56,384.1874
611,07/28/2022,400.76,533246,395.35,404.46,392.27
612,07/29/2022,388.91,1171498,397.47,398.36,386.01
613,08/01/2022,394.28,921815,388.9,396.165,385.91
614,08/02/2022,392.9,611709,395.74,399.37,387.245
615,08/03/2022,372.9,2533628,380.6,384.16,360.58
616,08/04/2022,372.35,886149,376.63,376.63,370.44
617,08/05/2022,377.8,926244,370,378.86,368.8
618,08/08/2022,379.39,751741,378.3,385.34,377.92
619,08/09/2022,375.78,641680,380.4,380.64,372.22
620,08/10/2022,381.48,596642,385.78,388.79,381.105
621,08/11/2022,390.03,567871,384.05,391.33,384.05
622,08/12/2022,395.47,529754,391.85,395.58,389.08
623,08/15/2022,405.34,774142,397.5,408.16,396.9701
624,08/16/2022,407.26,1455461,407.05,418.7899,407.05
625,08/17/2022,404.35,683186,403,406.825,400.25
626,08/18/2022,409.25,504617,406.05,410.06,402.0743
627,08/19/2022,403.25,586221,407.75,410.029,399.535
628,08/22/2022,397.45,659675,397.18,400.45,395.46
629,08/23/2022,401.31,642944,398.69,403.94,398.1572
630,08/24/2022,412.02,832242,403.7,415.03,400.16
631,08/25/2022,419.25,1944006,412.81,420.6899,409.13
632,08/26/2022,411.47,2584450,429.69,433.88,410.95
633,08/29/2022,417.62,1329092,405.76,423.67,404.17
634,08/30/2022,416.79,790470,420.26,420.68,410.1375
635,08/31/2022,419.87,1139351,419.37,425.33,416.47
636,09/01/2022,424.25,915774,419.85,424.48,414
637,09/02/2022,423.08,816797,428.4,431.6,420.8925
638,09/06/2022,427.82,983233,423.48,431.75,414.07
639,09/07/2022,444.01,1471830,429.42,445.63,427.54
640,09/08/2022,445.34,1194627,440.76,448.29,438.2
641,09/09/2022,442.9,959640,446.05,448.075,441.18
642,09/12/2022,446.14,925590,444.78,451.3,444.09
643,09/13/2022,430.06,1011769,439,441.58,429.39
644,09/14/2022,426.15,1014107,430.72,432.35,419.57
645,09/15/2022,422.67,763558,426.12,427,419.01
646,09/16/2022,418.66,728941,417.54,423.11,415.8
647,09/19/2022,421.47,705007,418.04,426.2,417.01
648,09/20/2022,416.62,578211,416.96,419.53,413
649,09/21/2022,410.82,504523,420.04,423,410.71
650,09/22/2022,401.67,657270,408.39,410.26,401.205
651,09/23/2022,392.3,1016625,395.84,397.64,386.1
652,09/26/2022,387.66,726625,392.5,399.17,387.33
653,09/27/2022,394.11,829538,392.8,397.46,388.31
654,09/28/2022,409.21,951210,401,410.4699,397.02
655,09/29/2022,404.76,667660,408.93,409.61,400.97
656,09/30/2022,401.19,737214,401.75,409.725,394.6379
657,10/03/2022,404.75,611081,403,409.04,397
658,10/04/2022,403.95,782598,410.67,414.085,400.57
659,10/05/2022,395.99,765107,400.28,402.26,392.2
660,10/06/2022,392.08,555408,394.23,401.655,391.195
661,10/07/2022,387.98,689039,386.53,388.48,380.94
662,10/10/2022,390.3,803034,387.6,392.75,381.95
663,10/11/2022,396.8,721221,393.22,403.86,392.4
664,10/12/2022,398.02,744238,396.95,404.03,392.88
665,10/13/2022,398.89,913338,391.41,400.41,386.78
666,10/14/2022,394.24,817131,404.15,406.99,393.82
667,10/17/2022,402.54,784547,400.5,405.64,391.86
668,10/18/2022,404.98,682020,412.93,415.3698,400.21
669,10/19/2022,386.26,1168539,396,399.28,384.76
670,10/20/2022,381.59,914591,387.58,398.085,381.28
671,10/21/2022,382.81,806098,382.64,385.96,374.085
672,10/24/2022,384.63,906991,383.61,384.89,373.795
673,10/25/2022,395.4,903392,384.04,397.69,383.52
674,10/26/2022,399.27,773613,397.37,408.9,395.11
675,10/27/2022,402.24,597419,401.3,406.2,399.36
676,10/28/2022,416.14,773602,401.19,418.96,400.6
677,10/31/2022,419.37,701730,415.51,421.37,415.28
678,11/01/2022,422,779382,424.51,425.5,417.455
679,11/02/2022,406.77,955745,412.65,426.89,406.35
680,11/03/2022,415.64,596581,403.9,420.05,402.765
681,11/04/2022,418.32,525015,418.61,424.12,411.9
682,11/07/2022,419.35,443354,418.32,419.52,410.84
683,11/08/2022,423.12,583673,421,426.16,418.34
684,11/09/2022,413.47,596460,420,428.185,413.15
685,11/10/2022,423.58,641391,424.4,431,416.5
686,11/11/2022,430.27,893396,427.08,430.75,420.27
687,11/14/2022,422.62,725152,431.5,436.81,422.43
688,11/15/2022,436.27,659506,432,439.52,428.505
689,11/16/2022,435.58,505678,429.12,436.18,428.32
690,11/17/2022,434.7,397735,432.01,435.5,426.61
691,11/18/2022,440.5,581117,441.66,442.945,435.56
692,11/21/2022,442.01,350237,439.96,443.2,436.3501
693,11/22/2022,450.04,423255,445.53,450.235,441.545
694,11/23/2022,447.37,453530,450.23,451.48,446.1501
695,11/25/2022,448.35,239964,448.58,448.8638,444.62
696,11/28/2022,457.24,899525,448.47,461.57,447.87
697,11/29/2022,449.88,1210058,457.31,457.31,446.095
698,11/30/2022,464.84,1193648,449.95,466.55,447.06
699,12/01/2022,472.53,1499657,470.47,477.08,464
700,12/02/2022,471.33,1526420,467.05,477.9219,461.88
701,12/05/2022,472.52,941346,468.34,473.11,465.39
702,12/06/2022,465.58,897062,472,474.48,460.23
703,12/07/2022,480.05,841461,463.31,480.57,462.83
704,12/08/2022,481.65,712767,481.5,482.69,473.71
705,12/09/2022,471.63,559116,480.04,480.5,471.48
706,12/12/2022,471.96,528582,465,472.35,463.99
707,12/13/2022,464.41,817713,482.86,483.8,462.54
708,12/14/2022,462.85,563986,462.88,466.46,456.37
709,12/15/2022,455.02,491713,458.6,458.6,453
710,12/16/2022,451.12,880890,451.72,455.04,446.79
711,12/19/2022,440.51,748211,453.67,453.81,439.2
712,12/20/2022,439.2,530875,440.18,445.31,436.145
713,12/21/2022,452.29,680241,446.28,453.7,443.765
714,12/22/2022,457.05,939327,449,457.5319,445.63
715,12/23/2022,456.4,361205,458.16,460.13,454.11
716,12/27/2022,464,578326,459.12,466.7447,457.01
717,12/28/2022,463.52,560698,465.38,465.41,457.54
718,12/29/2022,464.83,431191,465.7,469.35,463.77
719,12/30/2022,469.07,372486,462.55,469.55,460.55
720,01/03/2023,471.63,545916,469.66,473.58,466.62
721,01/04/2023,483.52,716925,476.31,483.61,471.33
722,01/05/2023,488.94,702228,482.47,490.98,479.56
723,01/06/2023,486.19,779111,478.99,489.28,478.89
724,01/09/2023,484.76,470826,484.27,490.88,480.41
725,01/10/2023,488.62,393214,483.85,489.585,482.01
726,01/11/2023,493.55,519135,490,495.52,488.68
727,01/12/2023,491.83,446802,493.1,495.887,488.92
728,01/13/2023,490.99,406484,490.42,495.39,489.13
729,01/17/2023,494.59,467810,490.83,495,488.68
730,01/18/2023,500.08,544815,495.68,501.4425,495.68
731,01/19/2023,488.12,628712,496.5,499.81,486.02
732,01/20/2023,491.25,589694,488.28,495.935,486.32
733,01/23/2023,500.47,417896,494.2,500.95,491.6
734,01/24/2023,501.53,555194,498.4,503.035,495.92
735,01/25/2023,502.63,299414,500.22,502.83,493.78
736,01/26/2023,506.82,391176,505.8,509.05,502.065
737,01/27/2023,505.67,439773,508.99,511,505.19
738,01/30/2023,507.97,433342,505.61,512.69,505.41
739,01/31/2023,513.96,503305,509.11,514.25,508.13
740,02/01/2023,523.59,531764,511.9,525.89,511.25
741,02/02/2023,520.83,545987,525.63,528.64,517.05
742,02/03/2023,520.76,337119,518.32,521.98,516.02
743,02/06/2023,518,370581,518.2,522.415,515.74
744,02/07/2023,524.96,542473,517,526.08,512.92
745,02/08/2023,523.22,351925,520.8,524.65,520
746,02/09/2023,522.08,630059,528.06,531.69,521.8
747,02/10/2023,515.75,711232,517.4,519.19,512.11
748,02/13/2023,520.18,422218,518.99,521.535,515.605
749,02/14/2023,524.65,399569,520.81,527.104,520.345
750,02/15/2023,526.56,380148,520.67,527.9,520.2501
751,02/16/2023,531.56,523803,523.96,532,521.36
752,02/17/2023,530,419766,531.35,533.6799,528.39
753,02/21/2023,524.94,383263,524.24,528.38,523.64
754,02/22/2023,531.11,432678,525,532.18,524.7901
755,02/23/2023,531.47,537749,532,537.5199,528.4899
756,02/24/2023,519.99,728361,525.61,527.509,517.055
757,02/27/2023,523.15,445840,523.85,529.5,521.92
758,02/28/2023,518.8,514135,521.98,527.07,517.621
759,03/01/2023,516.02,458116,516,518.89,511.21
760,03/02/2023,521.12,447011,514.79,522.21,511.02
761,03/03/2023,522.06,573177,520.14,523.72,518.2
762,03/06/2023,523.4,641182,522.37,527.935,521.63
763,03/07/2023,526.04,668993,524.98,528.57,523.51
764,03/08/2023,524.1,635530,525.93,527.345,517.77
765,03/09/2023,519.93,1158698,526.04,533.54,519.5
766,03/10/2023,521.18,1445986,522.13,533.24,514.35
767,03/13/2023,513.68,774552,516.29,521.86,510.76
768,03/14/2023,518.42,718117,520.78,525,513.185
769,03/15/2023,524.18,812534,513.28,524.51,511.01
770,03/16/2023,513.84,754805,522.23,525.01,512.02
771,03/17/2023,506.46,1229218,511.05,511.14,501.04
772,03/20/2023,510.23,997096,507.33,511.32,502.545
773,03/21/2023,515.91,659693,514.2,522.28,513.275
774,03/22/2023,510,699179,515.65,519.48,509.77
775,03/23/2023,515.74,540969,510.82,517.5999,508.63
776,03/24/2023,513.98,473541,514.8,516.2699,507.17
777,03/27/2023,520.45,469443,516.46,522.665,514.37
778,03/28/2023,531.79,610007,520.52,532.04,520.52
779,03/29/2023,526.33,718629,533,534.74,525.62
780,03/30/2023,536.37,658803,527.81,538.3,526.04
781,03/31/2023,545.67,769427,538.75,546.47,538.09
782,04/03/2023,551.19,551409,546.62,552.46,543.62
783,04/04/2023,546.17,633382,551.19,553.06,545.5
784,04/05/2023,534.12,826550,544.9,546.29,530.19
785,04/06/2023,520.95,737791,530,532.42,520.73
786,04/10/2023,529.46,486892,518.78,529.56,517.1622
787,04/11/2023,526.75,456296,529.5,532.02,525.68
788,04/12/2023,523.13,508434,527.71,531.17,522.36
789,04/13/2023,528.4,370477,524,530.32,522.44
790,04/14/2023,534.66,423053,528.2,534.99,526.11
791,04/17/2023,534.33,579380,536.24,538.88,531.675
792,04/18/2023,541.52,420917,537.08,541.94,535.7
793,04/19/2023,542.03,512171,541.68,546.29,539.85
794,04/20/2023,545.05,428165,540.85,549.32,540.7
795,04/21/2023,541.37,401734,544.01,545.9506,539
796,04/24/2023,547.4,475821,539.78,548.56,539.05
797,04/25/2023,541.86,525167,545.47,549.66,541.63
798,04/26/2023,547.45,495160,539.27,548.63,539.27
799,04/27/2023,547.77,530781,550,550.74,539.04
800,04/28/2023,551.43,457354,546.08,551.855,544.51
801,05/01/2023,532.88,947513,551.72,556.6,528.65
802,05/02/2023,530.94,612496,529.53,532.48,519.02
803,05/03/2023,523.17,762388,519.78,529.555,512.86
804,05/04/2023,514,584890,523.21,524.26,511.19
805,05/05/2023,520.05,479345,516.66,523.27,516.275
806,05/08/2023,515.73,427730,522,522.58,513.945
807,05/09/2023,509.09,538342,510.8,514.82,508
808,05/10/2023,504.51,755853,509.86,512.89,497.485
809,05/11/2023,512.11,742765,506.06,512.58,503.585
810,05/12/2023,513.88,925706,512.84,518.27,509.22
811,05/15/2023,515.97,679925,513.88,517.93,508.36
812,05/16/2023,498.99,997647,510.5,512.4099,498.55
813,05/17/2023,503.95,618782,502.78,506.39,500.86
814,05/18/2023,513.61,731428,503.89,514.34,501.58
815,05/19/2023,491.05,1274269,508.37,509.925,486.87
816,05/22/2023,480.68,1649575,491.05,492.207,479.6
817,05/23/2023,480.61,906843,479.9,481.2,475.09
818,05/24/2023,481.43,796289,481.62,485.55,476.49
819,05/25/2023,485.12,2104937,487.21,489.61,481.7
820,05/26/2023,420.27,6078327,436.11,439.87,417.6
821,05/30/2023,412.2,3395592,417.65,418,403.15
822,05/31/2023,409.83,2346651,410.5,417.405,407.6301
823,06/01/2023,403.83,1380570,408.11,409.92,402
824,06/02/2023,422.4,1665100,405.57,423.77,405.57
825,06/05/2023,421.01,1048049,421.34,425.96,418.7701
826,06/06/2023,417.49,862344,417.59,423.96,416.66
827,06/07/2023,415.55,863631,419.45,424.8,414.98
828,06/08/2023,418.94,843534,414,419.4425,410.86
829,06/09/2023,423.62,1160550,419.03,427.95,419.03
830,06/12/2023,424.91,854359,423.84,427.1699,420.22
831,06/13/2023,443.76,1540027,432.74,445.34,429.36
832,06/14/2023,443.58,1190282,444,450.83,441.34
833,06/15/2023,451.14,925032,444.96,452.5599,442.46
834,06/16/2023,447.91,1865692,454.62,454.62,442.4
835,06/20/2023,447.09,1084211,447.77,452,442.99
836,06/21/2023,450.19,996938,450.32,457.37,448.87
837,06/22/2023,455.71,703180,449.93,457.86,448.9
838,06/23/2023,453.45,709998,455.13,457.3,453.09
839,06/26/2023,463.57,788149,455.13,465.65,452.82
840,06/27/2023,462.43,837871,462.63,462.89,454.07
841,06/28/2023,462.08,899126,462.37,463.52,456.52
842,06/29/2023,465.28,653845,464.16,471.04,462.075
843,06/30/2023,470.6,781732,468.4,472.87,465.47
844,07/03/2023,477.35,463506,470.48,477.82,469.51
845,07/05/2023,479.83,789640,471.71,480.56,468.23
846,07/06/2023,470.55,653158,476.2,479.06,470.005
847,07/07/2023,471.63,530351,471.25,475.9999,468.23
848,07/10/2023,478,571685,473.43,478.955,473.13
849,07/11/2023,483.24,506194,479.5,484.71,478.435
850,07/12/2023,484.04,454522,485.53,486.72,482.37
851,07/13/2023,472.59,713319,486.68,487.16,472.2
852,07/14/2023,472.65,602156,475.72,476.38,469.61
853,07/17/2023,472.72,507577,472,476.6699,469.31
854,07/18/2023,472.41,505132,471.99,476.29,471.17
855,07/19/2023,471.21,573638,472.68,474.38,469.29
856,07/20/2023,462.35,663217,468.9,470.6,462.13
857,07/21/2023,460.11,699724,462.35,466.18,458.22
858,07/24/2023,454.67,878290,459.29,460.1,452.22
859,07/25/2023,451.64,1115403,453.54,456.58,447
860,07/26/2023,454.74,651113,453.14,456.45,448.13
861,07/27/2023,448.45,864804,455,457.84,447.5
862,07/28/2023,445.39,692759,450.05,452.5,444.361
863,07/31/2023,444.8,866214,446.16,450.23,443.06
864,08/01/2023,442.25,671294,445,446.995,440.16
865,08/02/2023,438.24,642666,445.37,445.75,438.13
866,08/03/2023,435.74,904648,437.09,440.605,434.48
867,08/04/2023,438.32,817617,435.01,444.076,432.26
868,08/07/2023,439.95,701768,439.02,441.79,434.325
869,08/08/2023,438.17,621124,437.3,441.7,435.785
870,08/09/2023,446.65,670298,438.17,448.365,438.17
871,08/10/2023,447.46,590633,449.41,455.9099,447.04
872,08/11/2023,443.85,458803,446,447.27,442.97
873,08/14/2023,458.56,884616,446.78,459.17,446.47
874,08/15/2023,456.2,804820,459.01,464.46,456.1
875,08/16/2023,457.46,788407,458.2,467.64,457.23
876,08/17/2023,446.67,645025,459.82,460.56,446.23
877,08/18/2023,452.93,537711,443.21,454.12,443.21
878,08/21/2023,447.91,800122,454.59,457.6,444.11
879,08/22/2023,430.58,1354037,442,442,426.855
880,08/23/2023,437.96,1221591,428,438.92,423.8
881,08/24/2023,422.74,1794051,435.83,438.49,421.61
882,08/25/2023,407.15,2261422,425.09,425.505,406.0156
883,08/28/2023,410.84,1121935,409,414.82,405.8
884,08/29/2023,415.11,777058,410.83,416.6469,408.26
885,08/30/2023,422.9,903577,415.2,425.175,415.12
886,08/31/2023,415.03,828273,421.47,423.9399,414.63
887,09/01/2023,416.01,576909,417.01,420,414.135
888,09/05/2023,415.49,915993,415.07,417.905,411.73
889,09/06/2023,408.49,689103,413.18,417.065,408.04
890,09/07/2023,416.94,769193,407.24,418.77,407.24
891,09/08/2023,413.71,615997,415.84,419.305,412.35
892,09/11/2023,418.38,822232,416.63,419.75,412.49
893,09/12/2023,414.43,544266,418.14,420.47,413.03
894,09/13/2023,414.2,553484,416,418.76,412.61
895,09/14/2023,415.83,628120,414.71,416.39,410.9122
896,09/15/2023,413.57,777909,418.1,418.88,411.195
897,09/18/2023,407.89,812038,411.01,412.615,406.89
898,09/19/2023,411.78,687283,405.59,413.055,405.36
899,09/20/2023,411.31,467211,413.65,415.19,409.56
900,09/21/2023,404.25,664125,409.62,410.96,404.1
901,09/22/2023,398.73,660712,404.95,407.1299,397.87
902,09/25/2023,398.39,616229,398,400.61,395.755
903,09/26/2023,389.72,818482,395.55,396.74,388.45
904,09/27/2023,392.44,711059,392.2,395.85,390.95
905,09/28/2023,398.91,543919,392.47,400.264,391.3049
906,09/29/2023,399.45,788511,404.34,404.77,398.255
907,10/02/2023,402.95,892636,402.09,406.8,398.775
908,10/03/2023,394.24,743381,398.95,400.34,392.655
909,10/04/2023,395.91,901067,397.37,399.66,394.07
910,10/05/2023,388.82,731523,394.43,395.5,388.37
911,10/06/2023,389.64,1117320,386.3,391.22,385.07
912,10/09/2023,388.46,1630973,389.49,389.54,379.24
913,10/10/2023,393.02,931542,386.31,396.015,385.8
914,10/11/2023,391.3,716457,392.38,393.65,386.22
915,10/12/2023,382.73,657786,393.78,393.78,380.61
916,10/13/2023,379.43,539154,383,386.7699,379.29
917,10/16/2023,387.26,724074,382.04,388.21,380.02
918,10/17/2023,383.66,630465,385.58,389.445,382.655
919,10/18/2023,372.5,776800,382.25,383.04,372.26
920,10/19/2023,372.86,766108,371.66,378.935,369.84
921,10/20/2023,371.85,674462,373.87,375.88,369.88
922,10/23/2023,373.08,787622,371.35,375.57,368.02
923,10/24/2023,379.11,901406,374.09,384.45,374.09
924,10/25/2023,377.98,624769,380.7,385.11,377.2801
925,10/26/2023,379.96,557088,379.67,383,375.01
926,10/27/2023,379.87,462808,380.4,385.91,379.51
927,10/30/2023,379.24,632215,381.74,387.15,378.9246
928,10/31/2023,381.31,753471,379.05,383.6153,375.04
929,11/01/2023,375.46,774519,379.02,379.37,370.2501
930,11/02/2023,380.32,677528,379.54,385.935,379.54
931,11/03/2023,385.88,596448,382.15,387.98,382.15
932,11/06/2023,385.98,520564,388.57,393.47,385.34
933,11/07/2023,395.58,741234,386.5,396.7771,386.5
934,11/08/2023,392.78,588340,397.01,401.6363,392.475
935,11/09/2023,388.85,528607,394.09,396.57,388.52
936,11/10/2023,389.71,559799,389.34,391.5001,385
937,11/13/2023,390.5,423381,389.18,392.86,387.15
938,11/14/2023,397.93,836130,395.45,403.36,393.97
939,11/15/2023,415.33,1257830,405.13,417.4115,403.83
940,11/16/2023,405.55,868404,412.27,416.13,403.415
941,11/17/2023,409.27,554802,410.03,410.64,405.7501
942,11/20/2023,405.61,620552,406.18,408.65,402.6301
943,11/21/2023,404.92,553660,406,407.26,401.01
944,11/22/2023,409.49,434397,408.71,412.09,405.83
945,11/24/2023,414.72,395864,411.94,417.98,411.94
946,11/27/2023,414.75,703761,412.75,417.83,411.44
947,11/28/2023,417.96,594990,414.14,421.22,413.995
948,11/29/2023,420.01,918443,418.34,423.45,416.585
949,11/30/2023,425.99,2126068,426.75,427.8,419.3
950,12/01/2023,472.03,3580054,475.2,479.27,465.0001
951,12/04/2023,486.76,1613742,472.32,487.595,471.785
952,12/05/2023,481.42,921750,483.46,488.86,480.255
953,12/06/2023,494.51,950355,484,497.07,481.5
954,12/07/2023,489.85,568599,493.86,495.89,486.64
955,12/08/2023,482.16,586135,489.38,489.38,481.98
956,12/11/2023,482.64,813172,484.76,484.76,477.425
957,12/12/2023,493.03,728947,485,493.9899,482.66
958,12/13/2023,493.12,689672,493.23,496.915,487.01
959,12/14/2023,494.63,671722,494.33,497.41,492.25
960,12/15/2023,490.63,1113337,492.69,494.535,488
961,12/18/2023,488.48,516967,490.95,493.175,486.15
962,12/19/2023,489.43,505459,490.86,493.54,487.13
963,12/20/2023,477.57,530460,485.73,489.65,477.44
964,12/21/2023,477.47,581739,481,485.325,475.621
965,12/22/2023,471.36,513901,475.79,476.9,469.27
966,12/26/2023,477.38,497948,473.23,477.65,470.72
967,12/27/2023,483.26,369425,477.42,483.28,477.42
968,12/28/2023,486.84,328938,485,487.64,483.14
969,12/29/2023,489.99,461013,487.73,491.65,486.36
970,01/02/2024,486.61,480828,485.25,492.11,483.585
971,01/03/2024,473.82,594919,485.18,486.48,472.81
972,01/04/2024,468.92,481323,474.61,475.3,468.79
973,01/05/2024,471.12,473737,465.53,476.45,464.81
974,01/08/2024,482.96,622774,471.59,483.46,469.49
975,01/09/2024,485.06,567852,482.6,489.1,482.6
976,01/10/2024,480.91,462953,483.5,487.485,478.91
977,01/11/2024,482.83,555286,483.84,484.38,475.19
978,01/12/2024,482.08,443287,486.59,486.96,480.64
979,01/16/2024,476.01,761070,480.97,483.6,475.25
980,01/17/2024,472.76,440235,471.63,476.12,470.09
981,01/18/2024,475.5,402165,472.24,476.955,470.49
982,01/19/2024,472.57,517203,479.68,479.68,468.6101
983,01/22/2024,476.9,436920,474.52,478.24,471.33
984,01/23/2024,479.9,525390,480,480.84,474.84
985,01/24/2024,478.77,559978,481,484.2799,473.71
986,01/25/2024,493.22,798180,480.34,493.54,479.24
987,01/26/2024,493.59,706493,496.34,499.42,488.74
988,01/29/2024,507.99,910780,493.06,509.595,493.06
989,01/30/2024,508.74,831726,505.77,511.58,501.86
990,01/31/2024,502.05,561410,508.74,510.8599,500.8403
991,02/01/2024,503.52,551322,506.55,508.08,499.105
992,02/02/2024,505.33,590288,500.46,510.045,491.52
993,02/05/2024,502.38,620305,506.51,509.265,496.74
994,02/06/2024,502,636491,503.71,504.16,496.1
995,02/07/2024,514.04,800008,506.89,516.91,504.575
996,02/08/2024,519.12,667855,516.22,522.16,513.3
997,02/09/2024,522.63,489520,521,524.335,517.16
998,02/12/2024,525.06,529563,524.01,527.66,520.79
999,02/13/2024,531.06,753568,517.89,532.43,514.97
1000,02/14/2024,526.59,543771,531.21,533.75,521.71
1001,02/15/2024,529.88,467835,533.74,536.88,528.835
1002,02/16/2024,532.09,353844,528.41,536.8538,527.2
1003,02/20/2024,541.29,702323,529,542.8,528.7472
1004,02/21/2024,538.79,723039,543.39,548.6,536
1005,02/22/2024,544.06,478754,541.2,547.48,538.67
1006,02/23/2024,549.78,371804,547.47,553.65,544.99
1007,02/26/2024,556.32,396099,550.17,557.98,548.93
1008,02/27/2024,561.41,428300,555.59,562.8,554.6648
1009,02/28/2024,559.16,343817,559.22,563.1674,556.92
1010,02/29/2024,548.56,1022640,559.26,559.26,546.78
1011,03/01/2024,549.98,548687,548.31,553.42,543.37
1012,03/04/2024,546.54,481411,545.88,551.84,542.835
1013,03/05/2024,549.46,545166,548,554.735,539.13
1014,03/06/2024,548.3,457869,555.1,555.1,543.63
1015,03/07/2024,548.32,372050,550.14,554.495,546.36
1016,03/08/2024,540.22,499679,549.67,551.12,540.115
1017,03/11/2024,548.56,626352,540.62,549.22,538.54
1018,03/12/2024,555.57,558404,549.13,556.875,548.145
1019,03/13/2024,567.18,815571,559.83,572.48,558.33
1020,03/14/2024,565.44,1399900,572.62,574.76,561.21
1021,03/15/2024,535.98,2891583,504,546.58,502.2
1022,03/18/2024,532.33,1064510,534.36,544.36,525.67
1023,03/19/2024,529.08,811628,535.08,535.08,524.465
1024,03/20/2024,523.96,694662,528.63,532.7,522.9
1025,03/21/2024,523.55,967907,523.96,531.11,521.235
1026,03/22/2024,520.37,1061145,522,526.58,515.27
1027,03/25/2024,505.57,773757,521.97,523.54,505.26
1028,03/26/2024,514.34,866896,505.66,514.68,505
1029,03/27/2024,513.52,923015,515.64,516.66,507.02
1030,03/28/2024,522.88,804546,515.67,525.77,513.68
1031,04/01/2024,529.01,647023,520.84,529.67,520.84
1032,04/02/2024,519.68,609483,527.5,528.8,516.46
1033,04/03/2024,439.98,4214327,469.57,474.12,438.671
1034,04/04/2024,448.64,2916850,443.91,467.49,443.58
1035,04/05/2024,444.75,1285887,447.23,455.4,441.42
1036,04/08/2024,452.78,967272,453.48,457.75,450.79
1037,04/09/2024,454.8,595027,450.1,455.33,450
1038,04/10/2024,450.95,876239,449.99,453.7,446.23
1039,04/11/2024,447.91,450213,454.66,455.08,446.74
1040,04/12/2024,442.32,487251,445.55,448.5,441
1041,04/15/2024,433.24,904772,444.36,444.87,431.68
1042,04/16/2024,424.17,1144548,430.9,432.46,422.1
1043,04/17/2024,424.55,947644,428.8,429.92,423.675
1044,04/18/2024,425.11,862502,428.82,428.82,416.58
1045,04/19/2024,413.5,1072899,413.83,418.785,410.9981
1046,04/22/2024,417.98,635460,417.43,419.285,412.64
1047,04/23/2024,419.27,692353,420.86,424.8499,417.27
1048,04/24/2024,410.55,866445,414.63,417.87,407.16
1049,04/25/2024,408.01,707068,409.35,409.35,403.13
1050,04/26/2024,406.39,637675,405.62,411.35,402.95
1051,04/29/2024,410.04,673827,404.86,410.04,404.14
1052,04/30/2024,404.84,904813,410.04,412.04,402
1053,05/01/2024,402.11,575722,403.14,404.51,398.45
1054,05/02/2024,397.33,639766,402.52,405.18,396.73
1055,05/03/2024,397.39,591398,402.5,404.51,397.275
1056,05/06/2024,394.88,909653,397.28,398.6585,392.75
1057,05/07/2024,393.67,789104,393.5,398.7999,390.77
1058,05/08/2024,388.48,699351,393.51,397.99,387.23
1059,05/09/2024,396.67,602768,389.18,397.14,388
1060,05/10/2024,401.59,664596,397,402.82,397
1061,05/13/2024,403.96,708298,404.45,411.6,401.315
1062,05/14/2024,401.68,665677,407.4,409.59,401.3
1063,05/15/2024,403.41,501022,406.31,407,401.575
1064,05/16/2024,401.04,517045,401.84,406.98,400.6
1065,05/17/2024,399.56,533523,402.37,402.37,396.06
1066,05/20/2024,386.5,1016760,392.66,394.98,386.01
1067,05/21/2024,381.83,940881,386.51,388.76,378.0934
1068,05/22/2024,378.33,769816,383.1,383.1,376.905
1069,05/23/2024,376.14,850103,380.25,380.8,376.0208
1070,05/24/2024,381.78,969385,375.33,383.41,375.305
1071,05/28/2024,381.13,968466,381.35,386,377.69
1072,05/29/2024,378.28,1264577,379,386.46,377.82
1073,05/30/2024,385.58,2349917,381.65,388.89,380.74
1074,05/31/2024,395.09,3378148,421.21,421.21,382.12
1075,06/03/2024,389.91,1188486,394.4,399.81,386.09
1076,06/04/2024,389.41,872709,386.99,396.305,386.5
1077,06/05/2024,387.16,820380,390,390.965,385.09
1078,06/06/2024,384.88,684552,384.43,389.13,382.27
1079,06/07/2024,382.61,758376,383.09,385.37,380.395
1080,06/10/2024,382.5,793405,381.55,382.66,376.56
1081,06/11/2024,387.69,965659,381.99,387.82,380.2381
1082,06/12/2024,390.12,916465,389.745,394.56,386.25
1083,06/13/2024,396.39,981864,393,399.175,392.43
1084,06/14/2024,390.82,781219,395.25,396.705,388.5
1085,06/17/2024,389.15,670959,390.11,391.5,385.4
1086,06/18/2024,382.59,778570,388,390.63,382.28
1087,06/20/2024,378.4,995254,381.85,384.77,376.39
1088,06/21/2024,383.85,1348367,380.8,385.6673,379.64
1089,06/24/2024,389.72,834112,383.85,394.82,383
1090,06/25/2024,388.19,595214,390.2,392.4399,386.12
1091,06/26/2024,387.88,489261,388,390.3353,386.33
1092,06/27/2024,385.95,932750,389,391.43,383.1
1093,06/28/2024,385.87,818129,385.98,388.02,382.46
1094,07/01/2024,384.41,862023,385.87,390.5,381.96
1095,07/02/2024,393.02,749462,384.5,394.49,383.98
1096,07/03/2024,389.67,431443,393,396.99,388.0001
1097,07/05/2024,390,550375,390,390.67,384.89
1098,07/08/2024,395.82,912291,392.27,403.255,391.235
1099,07/09/2024,396.01,645529,395.38,398.5938,391.41
1100,07/10/2024,396.03,631141,395.03,398.46,392.84
1101,07/11/2024,400.82,627497,396.25,403.7,395
1102,07/12/2024,412.94,845762,404.63,413.88,401.08
1103,07/15/2024,395.16,1148688,404,406.48,393.0099
1104,07/16/2024,409.7,763446,399.46,412.64,396.28
1105,07/17/2024,400.47,737659,407.65,407.86,398.22
1106,07/18/2024,393.12,786401,396.99,402.075,390.64
1107,07/19/2024,390.92,897250,394.6,394.684,387
1108,07/22/2024,391.67,596864,390.92,392.45,382.2126
1109,07/23/2024,389.29,557614,389.87,395.67,388.98
1110,07/24/2024,369.61,1507902,379.5,381,364.67
1111,07/25/2024,363.3,1164263,372,372.835,363.01
1112,07/26/2024,369.46,1023110,364.13,372.37,362.49
1113,07/29/2024,366.61,1079139,371.8,372.09,362.1
1114,07/30/2024,367.53,893875,364,368.3938,361.4
1115,07/31/2024,364.89,693094,369.76,373.0499,364.66
1116,08/01/2024,349.95,1216539,364.64,364.87,345.33
1117,08/02/2024,341.01,959256,345.64,346.51,338.11
1118,08/05/2024,327.28,1076601,333.47,336.4,326.93
1119,08/06/2024,326.42,847410,327.26,331.15,325.84
1120,08/07/2024,321.31,785663,327.12,332.5,320.79
1121,08/08/2024,327.11,749902,322.25,330.71,322.1811
1122,08/09/2024,322.17,919617,325.86,327.78,321.82
1123,08/12/2024,320.55,843647,321.25,326.39,318.17
1124,08/13/2024,331.56,1059383,320.35,333.13,318.27
1125,08/14/2024,329.05,970798,330.04,332.92,325
1126,08/15/2024,365.8,4424858,371.64,373,358.35
1127,08/16/2024,377.23,2942803,368,383.71,367.02
1128,08/19/2024,377.06,2648633,382.51,392.61,376.1001
1129,08/20/2024,369.05,1545435,376.34,378.0997,368.84
1130,08/21/2024,380.92,1529307,374.74,386.04,374.74
1131,08/22/2024,374.26,1139144,382.13,383.25,373
1132,08/23/2024,378.65,987894,372.69,379.82,372.29
1133,08/26/2024,374.98,878189,377.33,381.17,372.7456
1134,08/27/2024,371.35,972380,372.47,373.49,367.93
1135,08/28/2024,366.82,1330998,368.26,376.7,366.74
1136,08/29/2024,367.58,2271201,368.53,375.61,367.205
1137,08/30/2024,352.84,4999779,344.085,361.43,342
1138,09/03/2024,358.8,2316269,352,367.5799,350.1
1139,09/04/2024,359.92,1155005,357,365.8899,356.68
1140,09/05/2024,363.78,885417,361.97,366.54,361
1141,09/06/2024,367.59,1077258,364.43,369.125,361.815
1142,09/09/2024,381.57,1498331,368.25,383.5,368
1143,09/10/2024,373.5,2032527,377.53,377.53,356.02
1144,09/11/2024,372.3,727617,375.07,375.07,367.51
1145,09/12/2024,373.08,735043,373,377.02,366.01
1146,09/13/2024,378.34,762495,375.99,382.84,375
1147,09/16/2024,389.29,1144872,377.51,392.05,377.51
1148,09/17/2024,397,1407163,390.68,399.8699,390
1149,09/18/2024,402.72,1322720,397.4,408.74,397.38
1150,09/19/2024,403.29,894389,408.75,409.59,400.3
1151,09/20/2024,402.01,1451394,402,408,400.2
1152,09/23/2024,393.84,1576230,397.125,398,387.53
1153,09/24/2024,402.5,1004907,398.5,404.63,396.365
1154,09/25/2024,402.26,1318416,401.63,402.82,395.11
1155,09/26/2024,406.11,1153088,407.32,411.9999,404.5
1156,09/27/2024,404.01,1060882,407.63,411.79,402.515
1157,09/30/2024,389.12,1773817,404.39,404.89,386
1158,10/01/2024,379.13,1175859,386.17,386.755,377.07
1159,10/02/2024,373.88,942388,379.17,380.08,372.01
1160,10/03/2024,372.72,1002406,371.03,374.19,368.17
1161,10/04/2024,381.8,1158971,380.59,384.61,377.01
1162,10/07/2024,370.01,925660,381.4,381.4,368.11
1163,10/08/2024,364.52,764554,369.41,371.9,364.48
1164,10/09/2024,359.8,1212850,365.17,369.5699,359.53
1165,10/10/2024,358.96,1090331,358.84,364.34,355.58
1166,10/11/2024,370.58,1220927,359.67,373.32,359.49
1167,10/14/2024,369.32,883614,370.58,371.36,364.43
1168,10/15/2024,369.49,1001465,370.78,379.375,368.1
1169,10/16/2024,373.21,3092078,366.85,375.32,352.395
1170,10/17/2024,371.72,1449024,372.36,375.52,364.06
1171,10/18/2024,368.92,880606,376.01,376.03,363.6
1172,10/21/2024,369.2,1274991,368.39,378.15,368
1173,10/22/2024,365.01,1270027,367.93,368.75,358.39
1174,10/23/2024,367.02,845668,364.59,367.6,362.08
1175,10/24/2024,367.18,789259,367.53,369.42,364.4
1176,10/25/2024,373.3,739765,370.1,376.15,369.6
1177,10/28/2024,380.08,963484,373.73,380.11,369.49
1178,10/29/2024,379.84,735926,379.45,380.07,373.44
1179,10/30/2024,376.11,784129,378.97,380.18,374.49
1180,10/31/2024,368.98,816015,372.4,374.6,365.34
1181,11/01/2024,377.65,672387,370.26,378.45,369.72
1182,11/04/2024,383.9,834539,373.01,384,371.66
1183,11/05/2024,382.91,611626,381.28,385.555,377.675
1184,11/06/2024,387.53,1213303,383.19,389.43,375.0001
1185,11/07/2024,393.26,767635,389.64,395.93,388.4234
1186,11/08/2024,385.26,681381,392.45,394.49,384.94
1187,11/11/2024,380.54,972645,386.65,390.81,379.93
1188,11/12/2024,379.79,670669,382.77,386.9899,379.51
1189,11/13/2024,382.74,623944,381.38,385.45,378.9798
1190,11/14/2024,382.77,700751,382.99,385.93,380.79
1191,11/15/2024,365.17,1440970,362.67,378.085,361.6601
1192,11/18/2024,353.35,1405667,360.85,361.98,350.353
1193,11/19/2024,342.17,842668,349.99,350.145,341.79
1194,11/20/2024,343.26,817308,340.59,344.69,338.58
1195,11/21/2024,338.78,1296277,339.24,339.84,331.74
1196,11/22/2024,338.38,901791,338.51,345.85,338.03
1197,11/25/2024,362.65,1870669,345.49,365.999,344.4188
1198,11/26/2024,360.47,848791,360,363.5,353.85
1199,11/27/2024,375.25,1003312,365.88,379.73,365.38
1200,11/29/2024,386.64,723002,377.66,388.37,374.5
1201,12/02/2024,394.06,1215170,385.73,394.56,375.8
1202,12/03/2024,395.3,1080678,395,396,389.1
1203,12/04/2024,399.81,1015720,395.4,402.55,393.665
1204,12/05/2024,392.87,1857912,402,403.62,392.0701
1205,12/06/2024,428.17,3519063,428.25,447.67,424.82
1206,12/09/2024,418.01,1182362,429.99,431.095,417.62
1207,12/10/2024,411.92,889010,418.49,419,408.99
1208,12/11/2024,430.09,1351447,410.01,433.86,409.51
1209,12/12/2024,423.91,631934,432.1,434.38,423.79
1210,12/13/2024,424.11,655619,423.91,425.56,419.97
1211,12/16/2024,424.79,942873,421.07,430.74,417.84
1212,12/17/2024,423.57,755949,425.17,432.5899,419.3301
1213,12/18/2024,416.6,894510,422.37,431.8,416.4
1214,12/19/2024,425.52,741502,420.86,427.75,419.78
1215,12/20/2024,430.01,1447082,425.52,433,421.93
1216,12/23/2024,429.14,650885,430.06,431.171,421.93
1217,12/24/2024,435.31,345819,431.58,435.42,425.15
1218,12/26/2024,446.21,740066,435,446.54,432.98
1219,12/27/2024,442.15,490471,442.95,445.015,437.24
1220,12/30/2024,435.4,893951,433.85,441.175,431.15
1221,12/31/2024,434.93,475072,439.82,441,433.86
1222,01/02/2025,429.16,711766,434.825,443.495,425
1223,01/03/2025,431.35,545537,432.15,432.96,426
1224,01/06/2025,431.3,681793,430.78,441,428.92
1225,01/07/2025,428.27,1817636,450.015,459.9999,427.788
1226,01/08/2025,415.14,777083,425,427.34,411.5301
1227,01/10/2025,418.23,941206,410,425.98,409.6913
1228,01/13/2025,403.94,788342,414.86,414.86,401.8
1229,01/14/2025,404.06,688174,408.89,409.9999,401.83
1230,01/15/2025,407.38,596436,410.3,412.33,405.27
1231,01/16/2025,413.33,690010,409,416.84,406.205
1232,01/17/2025,405.01,755825,418.23,419.34,404.345
1233,01/21/2025,422.16,1121106,411.48,424.385,409.99
1234,01/22/2025,418.44,968129,420.57,421.505,413
1235,01/23/2025,418.55,829058,416.01,419.135,413.78
1236,01/24/2025,417.83,673091,417.75,424.53,414.08
1237,01/27/2025,415,756399,415.29,427.135,413.815
1238,01/28/2025,413.24,555252,415,421.69,413
1239,01/29/2025,410.66,606185,415,418.51,407.72
1240,01/30/2025,418.53,555003,414.63,421.59,414.1
1241,01/31/2025,412.15,687862,418.36,422.62,409.44
1242,02/03/2025,408.14,658747,404.52,414.62,402.7
1243,02/04/2025,409.19,719790,405.44,412.995,405.44
1244,02/05/2025,410.67,516752,410,413.42,408.11
1245,02/06/2025,401.6,1087930,411,414.32,398.41
1246,02/07/2025,374.79,1886990,390,395.73,374
1247,02/10/2025,376.34,1045543,378.41,378.75,366.27
1248,02/11/2025,374.53,931076,372.54,375.91,367.32
1249,02/12/2025,373.12,772799,371.01,377.38,369.36
1250,02/13/2025,360.44,1416555,375,376.03,359.32
1251,02/14/2025,365.14,1181551,362.37,365.74,357.92
1252,02/18/2025,368.75,1413843,362.51,371,362
1253,02/19/2025,359.96,1751133,365.42,366.52,352.5
1254,02/20/2025,366.68,1116708,359.96,367.455,359.265
1255,02/21/2025,361.54,933329,368.12,369.345,356.05
1256,02/24/2025,363.89,914843,361.51,365.845,353